Rk,Player,Debut,Age,Yrs,G,FG%,3P%,FT%,MP,PTS,TRB,AST,PW
1,Santi Aldama,"Oct 27, '21, MEM @ POR",21,1,32,0.402,0.125,0.625,11.3,4.1,2.7,0.7,0
2,Jose Alvarado,"Nov 3, '21, NOP @ SAC",23,1,54,0.446,0.291,0.679,15.4,6.1,1.9,2.8,0
3,Joel Ayayi,"Oct 25, '21, WAS @ BRK",21,1,7,0.167,0,,2.9,0.3,0.4,0.6,0
4,Dalano Banton,"Oct 20, '21, TOR vs. WAS",22,1,64,0.411,0.255,0.591,10.9,3.2,1.9,1.5,0
5,Cat Barber,"Dec 25, '21, ATL @ NYK",27,1,3,0,,0,4.3,0,1,1,0
6,Scottie Barnes,"Oct 20, '21, TOR vs. WAS",20,1,74,0.492,0.301,0.735,35.4,15.3,7.5,3.5,378
7,Paris Bass,"Jan 2, '22, PHO @ CHO",26,1,2,0.333,0,1,3.5,3,2,0,0
8,Charles Bassey,"Oct 20, '21, PHI @ NOP",21,1,23,0.638,0,0.75,7.3,3,2.7,0.3,0
9,Leandro Bolmaro,"Oct 20, '21, MIN vs. HOU",21,1,35,0.315,0.278,0.846,6.9,1.4,1.2,0.6,0
10,Brandon Boston Jr.,"Oct 25, '21, LAC vs. POR",20,1,51,0.385,0.306,0.819,14.9,6.7,2.2,1,0
11,James Bouknight,"Oct 22, '21, CHO @ CLE",21,1,31,0.348,0.347,0.871,9.8,4.6,1.7,0.8,0
12,Chaundee Brown Jr.,"Dec 17, '21, LAL @ MIN",23,1,5,0.313,0.333,0.833,20.8,6.2,3.2,0.8,0
13,Greg Brown III,"Oct 23, '21, POR vs. PHO",20,1,48,0.426,0.311,0.677,13.3,4.7,2.8,0.7,0
14,Shaq Buchanan,"Dec 26, '21, MEM @ SAC",25,1,2,0.25,0,,5,1,1,1,0
15,Jared Butler,"Oct 20, '21, UTA vs. OKC",21,1,42,0.404,0.318,0.688,8.6,3.8,1.1,1.5,0
16,Ahmad Caver,"Jan 5, '22, IND vs. BRK",25,1,1,1,,,1,2,0,0,0
17,Justin Champagnie,"Oct 22, '21, TOR @ BOS",20,1,36,0.463,0.357,1,7.8,2.3,2,0.3,0
18,Josh Christopher,"Oct 20, '21, HOU @ MIN",20,1,74,0.448,0.296,0.735,18,7.9,2.5,2,0
19,Sharife Cooper,"Oct 21, '21, ATL vs. DAL",20,1,13,0.214,0.167,,3,0.5,0.4,0.4,0
20,Petr Cornelie,"Oct 25, '21, DEN vs. CLE",26,1,13,0.333,0.125,0.75,2.9,1.1,1.1,0.2,0
21,Jarron Cumberland,"Dec 27, '21, POR vs. DAL",24,1,3,0.5,0,,4,0.7,1,0.3,0
22,Cade Cunningham,"Oct 30, '21, DET vs. ORL",20,1,64,0.416,0.314,0.845,32.6,17.4,5.5,5.6,153
23,Javin DeLaurier,"Jan 1, '22, MIL vs. NOP",23,1,1,,,,3,0,1,0,0
24,Ayo Dosunmu,"Oct 20, '21, CHI @ DET",22,1,77,0.52,0.376,0.679,27.4,8.8,2.8,3.3,0
25,Jeff Dowtin,"Nov 3, '21, GSW vs. CHO",24,1,9,0.308,0.111,1,12,2.1,2,1.1,0
26,Chris Duarte,"Oct 20, '21, IND @ CHO",24,1,55,0.432,0.369,0.804,28,13.1,4.1,2.1,0
27,David Duke Jr.,"Dec 8, '21, BRK @ HOU",22,1,22,0.361,0.243,0.81,15.5,4.7,3,0.8,0
28,Jaime Echenique,"Dec 30, '21, WAS vs. CLE",24,1,1,,,,3,0,0,0,0
29,Kessler Edwards,"Nov 16, '21, BRK vs. GSW",21,1,48,0.412,0.353,0.842,20.6,5.9,3.6,0.6,0
30,Rob Edwards,"Dec 29, '21, OKC @ PHO",25,1,2,0.25,0.25,,5.5,1.5,1.5,0,0
31,Aleem Ford,"Dec 17, '21, ORL vs. MIA",24,1,5,0.3,0.133,,14.8,2.8,3,0.4,0
32,Marcus Garrett,"Oct 21, '21, MIA vs. MIL",23,1,12,0.238,0.25,0.4,10.7,1.1,1.9,0.6,0
33,Usman Garuba,"Oct 20, '21, HOU @ MIN",19,1,24,0.432,0.25,0.714,10,2,3.5,0.7,0
34,Luka Garza,"Oct 23, '21, DET @ CHI",23,1,32,0.449,0.327,0.623,12.2,5.8,3.1,0.6,0
35,Josh Giddey,"Oct 20, '21, OKC @ UTA",19,1,54,0.419,0.263,0.709,31.5,12.5,7.8,6.4,0
36,Jordan Goodwin,"Dec 28, '21, WAS @ MIA",23,1,2,0,0,,3,0,0.5,0,0
37,Hassani Gravett,"Dec 17, '21, ORL vs. MIA",25,1,8,0.474,0.423,0.75,21.4,6.3,2.6,2.5,0
38,Jalen Green,"Oct 20, '21, HOU @ MIN",19,1,67,0.426,0.343,0.797,31.9,17.3,3.4,2.6,3
39,Quentin Grimes,"Oct 20, '21, NYK vs. BOS",21,1,46,0.404,0.381,0.684,17.1,6,2,1,0
40,Tyler Hall,"Dec 25, '21, NYK vs. ATL",24,1,1,,,,2,0,0,0,0
41,Sam Hauser,"Nov 20, '21, BOS vs. OKC",24,1,26,0.46,0.432,,6.1,2.5,1.1,0.4,0
42,Aaron Henry,"Oct 20, '21, PHI @ NOP",22,1,6,0.2,0,,2.8,0.3,0.2,0,0
43,Malcolm Hill,"Dec 25, '21, ATL @ NYK",26,1,19,0.462,0.361,0.786,11.2,3.8,1.8,0.4,0
44,Jay Huff,"Nov 6, '21, LAL @ POR",23,1,4,0,0,,5,0,1,0.3,0
45,Feron Hunt,"Apr 8, '22, NYK @ WAS",22,1,2,0,,,4,0,0.5,0.5,0
46,Bones Hyland,"Oct 25, '21, DEN vs. CLE",21,1,69,0.403,0.366,0.856,19,10.1,2.7,2.8,0
47,Isaiah Jackson,"Oct 23, '21, IND vs. MIA",20,1,36,0.563,0.313,0.682,15,8.3,4.1,0.3,0
48,DeJon Jarreau,"Oct 29, '21, IND @ BRK",24,1,1,,,,1,0,0,0,0
49,David Johnson,"Oct 27, '21, TOR vs. IND",20,1,2,0,0,,1,0,0,0,0
50,Jalen Johnson,"Oct 21, '21, ATL vs. DAL",20,1,22,0.537,0.231,0.714,5.5,2.4,1.2,0.1,0
51,Keon Johnson,"Nov 7, '21, LAC vs. CHO",19,1,37,0.353,0.34,0.804,18.8,7.2,2.2,2.1,0
52,Carlik Jones,"Dec 23, '21, DAL vs. MIL",24,1,5,0.111,0,1,4.6,0.8,0.6,1,0
53,Herbert Jones,"Oct 20, '21, NOP vs. PHI",23,1,78,0.476,0.337,0.84,29.9,9.5,3.8,2.1,1
54,Kai Jones,"Oct 22, '21, CHO @ CLE",21,1,21,0.643,0.5,0.375,3,1,0.5,0.2,0
55,Georgios Kalaitzakis,"Oct 19, '21, MIL vs. BRK",23,1,13,0.463,0.385,0.467,16.5,6.6,1.6,0.9,0
56,Braxton Key,"Jan 7, '22, PHI vs. SAS",24,1,11,0.458,0.286,0.538,17.9,7.2,4.5,1,0
57,Corey Kispert,"Oct 22, '21, WAS vs. IND",22,1,77,0.455,0.35,0.871,23.4,8.2,2.7,1.1,0
58,Vit Krejci,"Oct 20, '21, OKC @ UTA",21,1,30,0.407,0.327,0.864,23,6.2,3.4,1.9,0
59,Arnoldas Kulboka,"Dec 10, '21, CHO vs. SAC",24,1,2,0,0,,2.5,0,0,0,0
60,Jonathan Kuminga,"Oct 30, '21, GSW vs. OKC",19,1,70,0.513,0.336,0.684,16.9,9.3,3.3,0.9,0
61,Jock Landale,"Oct 20, '21, SAS vs. ORL",26,1,54,0.495,0.326,0.829,10.9,4.9,2.6,0.8,0
62,Scottie Lewis,"Dec 13, '21, CHO @ DAL",21,1,2,,,0.5,3.5,0.5,0,0.5,0
63,Isaiah Livers,"Dec 16, '21, DET @ IND",23,1,19,0.456,0.422,0.857,20.2,6.4,3,1.1,0
64,Gabriel Lundberg,"Apr 3, '22, PHO @ OKC",27,1,4,0.263,0.375,,11,3.3,1.8,2.8,0
65,Sandro Mamukelashvili,"Oct 19, '21, MIL vs. BRK",22,1,41,0.496,0.423,0.818,9.9,3.8,2,0.5,0
66,Tre Mann,"Oct 20, '21, OKC @ UTA",20,1,60,0.393,0.36,0.793,22.8,10.4,2.9,1.5,0
67,Miles McBride,"Oct 22, '21, NYK @ ORL",21,1,40,0.296,0.25,0.667,9.3,2.2,1.1,1,0
68,Mac McClung,"Dec 29, '21, CHI vs. ATL",23,1,2,0.5,0.333,1,12.5,4,1.5,0.5,0
69,Cameron McGriff,"Dec 27, '21, POR vs. DAL",24,1,3,0.357,0.333,1,15.3,4.7,5,1,0
70,JaQuori McLaughlin,"Nov 2, '21, DAL vs. MIA",24,1,4,0,0,,2.8,0,0,0.5,0
71,Davion Mitchell,"Oct 20, '21, SAC @ POR",23,1,75,0.418,0.316,0.659,27.7,11.5,2.2,4.2,0
72,Evan Mobley,"Oct 20, '21, CLE @ MEM",20,1,69,0.508,0.25,0.663,33.8,15,8.3,2.5,363
73,Moses Moody,"Oct 19, '21, GSW @ LAL",19,1,52,0.437,0.364,0.778,11.7,4.4,1.5,0.4,0
74,Xavier Moon,"Dec 27, '21, LAC vs. BRK",27,1,10,0.49,0.357,0.6,13.7,5.8,1.4,2.4,0
75,Ade Murkey,"Dec 22, '21, SAC vs. LAC",24,1,1,,,,1,0,0,0,0
76,Trey Murphy III,"Oct 20, '21, NOP vs. PHI",21,1,62,0.394,0.382,0.882,13.9,5.4,2.4,0.6,0
77,RJ Nembhard Jr.,"Oct 22, '21, CLE vs. CHO",22,1,14,0.333,0,0.75,4.5,1.1,0.5,0.9,0
78,Daishen Nix,"Nov 29, '21, HOU vs. OKC",19,1,24,0.403,0.269,0.533,10.9,3.2,1.4,1.7,0
79,Eugene Omoruyi,"Oct 29, '21, DAL @ DEN",24,1,4,0.4,0.5,0.5,4.5,1.8,1.8,0.5,0
80,Jaysean Paige,"Jan 1, '22, DET vs. SAS",27,1,1,0,0,,7,0,1,1,0
81,Trayvon Palmer,"Dec 29, '21, DET vs. NYK",27,1,1,0,,,17,0,2,0,0
82,Kevin Pangos,"Oct 22, '21, CLE vs. CHO",29,1,24,0.326,0.231,0.75,6.9,1.6,0.5,1.3,0
83,Jamorko Pickett,"Oct 23, '21, DET @ CHI",24,1,13,0.36,0.333,0.5,13.5,3.8,2.5,0.5,0
84,Yves Pons,"Nov 12, '21, MEM vs. PHO",22,1,12,0.313,0.333,0,5.9,1.1,1,0.1,0
85,Micah Potter,"Jan 1, '22, DET vs. SAS",23,1,3,0.455,0,1,10.3,4,3,0,0
86,Myles Powell,"Dec 20, '21, PHI @ BOS",24,1,11,0.294,0.167,1,4.7,1.2,0.5,0.3,0
87,Joshua Primo,"Oct 20, '21, SAS vs. ORL",19,1,50,0.374,0.307,0.746,19.3,5.8,2.3,1.6,0
88,Trevelin Queen,"Dec 18, '21, HOU @ DET",24,1,10,0.455,0.375,1,7.4,4.3,1.6,0.4,0
89,Neemias Queta,"Dec 17, '21, SAC vs. MEM",22,1,15,0.447,,0.647,8,3,2.1,0.4,0
90,Austin Reaves,"Oct 22, '21, LAL vs. PHO",23,1,61,0.459,0.317,0.839,23.2,7.3,3.2,1.8,0
91,Jeremiah Robinson-Earl,"Oct 20, '21, OKC @ UTA",21,1,49,0.414,0.352,0.741,22.2,7.5,5.6,1,0
92,Matt Ryan,"Apr 10, '22, BOS @ MEM",24,1,1,0.2,0.2,,5,3,0,0,0
93,Olivier Sarr,"Dec 28, '21, OKC @ SAC",22,1,22,0.574,0.448,0.828,19.1,7,4.2,0.9,0
94,Jordan Schakel,"Dec 26, '21, WAS vs. PHI",23,1,4,0.091,0.167,1,7.5,1.3,2,0,0
95,Tre Scott,"Dec 22, '21, CLE @ BOS",25,1,2,0.5,0,,5.5,3,1,0,0
96,Alperen Şengün,"Oct 20, '21, HOU @ MIN",19,1,72,0.474,0.248,0.711,20.7,9.6,5.5,2.6,0
97,Day'Ron Sharpe,"Oct 24, '21, BRK vs. CHO",20,1,32,0.577,0.286,0.585,12.2,6.2,5,0.5,0
98,Marko Simonovic,"Nov 22, '21, CHI vs. IND",22,1,9,0.267,0.2,0.727,3.9,1.9,1.1,0,0
99,Zavier Simpson,"Apr 5, '22, OKC vs. POR",24,1,4,0.365,0.125,1,43.5,11,5.3,7.5,0
100,Jericho Sims,"Oct 20, '21, NYK vs. BOS",23,1,41,0.722,,0.414,13.5,2.2,4.1,0.5,0
101,Javonte Smart,"Dec 4, '21, MIL vs. MIA",22,1,17,0.317,0.296,0.833,11.8,3,1.4,0.9,0
102,Xavier Sneed,"Dec 31, '21, MEM vs. SAS",24,1,9,0.2,0.125,,4.3,0.6,0.7,0.1,0
103,Jaden Springer,"Oct 20, '21, PHI @ NOP",19,1,2,1,,,3,1,1,0,0
104,Jalen Suggs,"Oct 20, '21, ORL @ SAS",20,1,48,0.361,0.214,0.773,27.2,11.8,3.6,4.4,0
105,Craig Sword,"Dec 28, '21, WAS @ MIA",28,1,3,0.75,0,,6.3,2,0,0.3,0
106,Keifer Sykes,"Dec 29, '21, IND vs. CHO",28,1,32,0.363,0.3,0.882,17.7,5.6,1.4,1.9,0
107,Terry Taylor,"Jan 5, '22, IND vs. BRK",22,1,33,0.614,0.316,0.706,21.6,9.6,5.2,1.2,0
108,Jon Teske,"Jan 3, '22, MEM @ BRK",24,1,3,0,,0,2.7,0,0.7,0.3,0
109,Cam Thomas,"Oct 19, '21, BRK @ MIL",20,1,67,0.433,0.27,0.829,17.6,8.5,2.4,1.2,0
110,JT Thor,"Oct 22, '21, CHO @ CLE",19,1,33,0.436,0.259,0.6,7.9,2,1.3,0.6,0
111,Isaiah Todd,"Oct 25, '21, WAS @ BRK",20,1,12,0.269,0.25,0.333,6.2,1.7,1,0.3,0
112,Franz Wagner,"Oct 20, '21, ORL @ SAS",20,1,79,0.468,0.354,0.863,30.7,15.2,4.5,2.9,2
113,Ish Wainright,"Nov 19, '21, PHO vs. DAL",27,1,45,0.394,0.322,0.583,8,2.4,1.2,0.3,0
114,M.J. Walker,"Dec 31, '21, PHO @ BOS",23,1,2,0,0,,4,0,0.5,0.5,0
115,Duane Washington Jr.,"Oct 29, '21, IND @ BRK",21,1,48,0.405,0.377,0.754,20.2,9.9,1.7,1.8,0
116,Lindy Waters III,"Feb 11, '22, OKC @ PHI",24,1,25,0.406,0.363,0.8,18.6,8,2.9,1,0
117,Trendon Watford,"Nov 14, '21, POR @ DEN",21,1,48,0.532,0.237,0.755,18.1,7.6,4.1,1.7,0
118,Joe Wieskamp,"Nov 10, '21, SAS vs. SAC",22,1,29,0.357,0.326,0.538,7.1,2.1,0.5,0.3,0
119,Aaron Wiggins,"Nov 14, '21, OKC vs. BRK",23,1,50,0.463,0.304,0.729,24.2,8.3,3.6,1.4,0
120,Lindell Wigginton,"Jan 13, '22, MIL vs. GSW",23,1,19,0.426,0.346,0.543,10.5,4.2,1.3,1.2,0
121,Brandon Williams,"Dec 27, '21, POR vs. DAL",22,1,24,0.372,0.292,0.701,26.7,12.9,3.1,3.9,0
122,Ziaire Williams,"Oct 20, '21, MEM vs. CLE",20,1,62,0.45,0.314,0.782,21.7,8.1,2.1,1,0
123,McKinley Wright IV,"Oct 20, '21, MIN vs. HOU",23,1,5,0.667,0.5,,3.8,1,0,0.6,0
124,Moses Wright,"Dec 22, '21, LAC @ SAC",23,1,4,0.25,0,1,3.5,1.3,0.8,0.5,0
125,Gabe York,"Apr 9, '22, IND @ PHI",28,1,2,0.286,0.167,0.6,10.5,4,1,2,0
126,Omer Yurtseven,"Oct 21, '21, MIA vs. MIL",23,1,56,0.526,0.091,0.623,12.6,5.3,5.3,0.9,0
127,Anthony Edwards,"Dec 23, '20, MIN vs. DET",19,1,72,0.417,0.329,0.776,32.1,19.3,4.7,2.9,0
128,Patrick Williams,"Dec 23, '20, CHI vs. ATL",19,1,71,0.483,0.391,0.728,27.9,9.2,4.6,1.4,0
129,Saddiq Bey,"Dec 26, '20, DET vs. CLE",21,1,70,0.404,0.38,0.844,27.3,12.2,4.5,1.4,3
130,Jae'Sean Tate,"Dec 26, '20, HOU @ POR",25,1,70,0.506,0.308,0.694,29.2,11.3,5.3,2.5,0
131,Desmond Bane,"Dec 23, '20, MEM vs. SAS",22,1,68,0.469,0.432,0.816,22.3,9.2,3.1,1.7,0
132,Isaiah Stewart,"Dec 28, '20, DET @ ATL",19,1,68,0.553,0.333,0.696,21.4,7.9,6.7,0.9,0
133,Isaac Okoro,"Dec 23, '20, CLE vs. CHO",20,1,67,0.42,0.29,0.726,32.4,9.6,3.1,1.9,0
134,Payton Pritchard,"Dec 23, '20, BOS vs. MIL",23,1,66,0.44,0.411,0.889,19.2,7.7,2.4,1.8,0
135,Facundo Campazzo,"Dec 23, '20, DEN vs. SAC",29,1,65,0.381,0.352,0.879,21.9,6.1,2.1,3.6,0
136,Théo Maledon,"Dec 26, '20, OKC @ CHO",19,1,65,0.368,0.335,0.748,27.4,10.1,3.2,3.5,0
137,Immanuel Quickley,"Dec 23, '20, NYK @ IND",21,1,64,0.395,0.389,0.891,19.4,11.4,2.1,2,0
138,Jaden McDaniels,"Dec 27, '20, MIN @ LAL",20,1,63,0.447,0.364,0.6,24,6.8,3.7,1.1,0
139,Obi Toppin,"Dec 23, '20, NYK @ IND",22,1,62,0.498,0.306,0.731,11,4.1,2.2,0.5,0
140,Devin Vassell,"Dec 23, '20, SAS @ MEM",20,1,62,0.406,0.347,0.843,17,5.5,2.8,0.9,0
141,Precious Achiuwa,"Dec 23, '20, MIA @ ORL",21,1,61,0.544,0,0.509,12.1,5,3.4,0.5,0
142,Tyrese Maxey,"Dec 23, '20, PHI vs. WAS",20,1,61,0.462,0.301,0.871,15.3,8,1.7,2,0
143,Xavier Tillman Sr.,"Jan 3, '21, MEM vs. LAL",22,1,59,0.559,0.338,0.642,18.4,6.6,4.3,1.3,0
144,Tyrese Haliburton,"Dec 23, '20, SAC @ DEN",20,1,58,0.472,0.409,0.857,30.1,13,3,5.3,114
145,Deni Avdija,"Dec 23, '20, WAS @ PHI",20,1,54,0.417,0.315,0.644,23.3,6.3,4.9,1.2,0
146,Kira Lewis Jr.,"Dec 29, '20, NOP @ PHO",19,1,54,0.386,0.333,0.843,16.7,6.4,1.3,2.3,0
147,LaMelo Ball,"Dec 23, '20, CHO @ CLE",19,1,51,0.436,0.352,0.758,28.8,15.7,5.9,6.1,0
148,R.J. Hampton,"Dec 28, '20, DEN vs. HOU",19,1,51,0.435,0.31,0.671,17.4,6.9,3.5,1.7,0
149,Onyeka Okongwu,"Jan 15, '21, ATL @ UTA",20,1,50,0.644,0,0.632,12,4.6,3.3,0.4,0
150,Saben Lee,"Jan 6, '21, DET @ MIL",21,1,48,0.471,0.348,0.685,16.3,5.6,2,3.6,0
151,Cole Anthony,"Dec 23, '20, ORL vs. MIA",20,1,47,0.397,0.337,0.832,27.1,12.9,4.7,4.1,0
152,Malachi Flynn,"Dec 23, '20, TOR vs. NOP",22,1,47,0.374,0.321,0.804,19.7,7.5,2.5,2.9,0
153,Aaron Nesmith,"Dec 25, '20, BOS vs. BRK",21,1,46,0.438,0.37,0.786,14.5,4.7,2.8,0.5,0
154,Kenyon Martin Jr.,"Jan 8, '21, HOU vs. ORL",20,1,45,0.509,0.365,0.714,23.7,9.3,5.4,1.1,0
155,Chuma Okeke,"Dec 23, '20, ORL vs. MIA",22,1,45,0.417,0.348,0.75,25.2,7.8,4,2.2,0
156,Aleksej Pokusevski,"Dec 26, '20, OKC @ CHO",19,1,45,0.341,0.28,0.738,24.2,8.2,4.7,2.2,0
157,Zeke Nnaji,"Dec 28, '20, DEN vs. HOU",20,1,42,0.481,0.407,0.8,9.5,3.2,1.5,0.2,0
158,Isaiah Joe,"Dec 27, '20, PHI @ CLE",21,1,41,0.361,0.368,0.75,9.3,3.7,0.9,0.5,0
159,Lamar Stevens,"Dec 27, '20, CLE vs. PHI",23,1,40,0.456,0.16,0.725,12.5,4.1,2.4,0.6,0
160,Josh Green,"Dec 23, '20, DAL @ PHO",20,1,39,0.452,0.16,0.565,11.4,2.6,2,0.7,0
161,James Wiseman,"Dec 22, '20, GSW @ BRK",19,1,39,0.519,0.316,0.628,21.4,11.5,5.8,0.7,0
162,Markus Howard,"Dec 25, '20, DEN vs. LAC",21,1,37,0.377,0.277,0.778,5.5,2.8,0.6,0.5,0
163,Tre Jones,"Dec 30, '20, SAS vs. LAL",21,1,37,0.474,0.6,0.895,7.3,2.5,0.6,1.1,0
164,Nathan Knight,"Dec 23, '20, ATL @ CHI",23,1,33,0.37,0.182,0.8,8.5,3.8,2.2,0.2,0
165,Skylar Mays,"Dec 23, '20, ATL @ CHI",23,1,33,0.449,0.35,0.88,8.2,3.8,1.1,0.9,0
166,Mason Jones,"Jan 8, '21, HOU vs. ORL",22,1,32,0.423,0.364,0.625,10.4,5.3,1.7,1.3,0
167,Naji Marshall,"Jan 15, '21, NOP @ LAL",23,1,32,0.392,0.349,0.707,21.9,7.7,4.6,2.8,0
168,Brodric Thomas,"Dec 26, '20, HOU @ POR",24,1,32,0.361,0.271,0.674,12.5,3.9,1.7,0.9,0
169,Dylan Windler,"Dec 23, '20, CLE vs. CHO",24,1,31,0.438,0.338,0.778,16.5,5.2,3.5,1.1,0
170,CJ Elleby,"Dec 23, '20, POR vs. UTA",20,1,30,0.379,0.206,0.733,6.4,2.3,1.1,0.3,0
171,Trent Forrest,"Jan 5, '21, UTA @ BRK",22,1,30,0.451,0.192,1,10.1,2.9,1.5,1.5,0
172,Nico Mannion,"Jan 4, '21, GSW vs. SAC",19,1,30,0.342,0.367,0.821,12.1,4.1,1.5,2.3,0
173,Sam Merrill,"Dec 23, '20, MIL @ BOS",24,1,30,0.444,0.447,1,7.8,3,1,0.7,0
174,Jordan Nwora,"Dec 25, '20, MIL vs. GSW",22,1,30,0.459,0.452,0.76,9.1,5.7,2,0.2,0
175,Daniel Oturu,"Dec 25, '20, LAC @ DEN",21,1,30,0.423,0.2,0.75,5.4,1.8,1.6,0.3,0
176,Jalen Smith,"Dec 23, '20, PHO vs. DAL",20,1,27,0.44,0.235,0.714,5.8,2,1.4,0.1,0
177,Anthony Gill,"Dec 29, '20, WAS vs. CHI",28,1,26,0.5,0.292,0.813,8.4,3.1,2,0.4,0
178,Killian Hayes,"Dec 23, '20, DET @ MIN",19,1,26,0.353,0.278,0.824,25.8,6.8,2.7,5.3,0
179,Reggie Perry,"Dec 22, '20, BRK vs. GSW",20,1,26,0.41,0.19,0.769,8.1,3,2.8,0.5,0
180,Paul Reed,"Jan 4, '21, PHI vs. CHO",21,1,26,0.538,0,0.5,6.8,3.4,2.3,0.5,0
181,Anthony Lamb,"Mar 11, '21, HOU @ SAC",23,1,24,0.39,0.324,0.857,17.3,5.5,2.9,1,0
182,Cassius Stanley,"Dec 26, '20, IND @ CHI",21,1,24,0.302,0.231,0.778,3.9,1.5,0.8,0,0
183,Cassius Winston,"Jan 11, '21, WAS vs. PHO",22,1,22,0.424,0.471,0.833,4.5,1.9,0.4,0.5,0
184,Josh Hall,"Dec 29, '20, OKC vs. ORL",20,1,21,0.303,0.108,0.5,16,4.1,2.8,1.3,0
185,Nate Hinton,"Jan 3, '21, DAL @ CHI",21,1,21,0.357,0.211,0.7,4.4,2,0.4,0.4,0
186,Armoni Brooks,"Apr 9, '21, HOU @ LAC",22,1,20,0.406,0.382,0.583,26,11.2,3.4,1.5,0
187,Freddie Gillespie,"Apr 10, '21, TOR @ CLE",23,1,20,0.524,,0.697,19.6,5.6,4.9,0.5,0
188,Deividas Sirvydis,"Jan 6, '21, DET @ MIL",20,1,20,0.35,0.357,0.5,6.7,2.1,1.5,0.3,0
189,Vernon Carey Jr.,"Dec 30, '20, CHO @ DAL",19,1,19,0.5,0.143,0.818,6.1,2.4,1.4,0.1,0
190,Tyler Bey,"Jan 13, '21, DAL @ CHO",22,1,18,0.318,0.25,0.6,3.9,1,1.1,0.2,0
191,Elijah Hughes,"Dec 23, '20, UTA @ POR",22,1,18,0.333,0.348,0.75,3.6,1.7,0.5,0.3,0
192,Sean McDermott,"Dec 30, '20, MEM @ BOS",24,1,18,0.394,0.227,1,8.8,2.2,1.1,0.2,0
193,Nick Richards,"Dec 30, '20, CHO @ DAL",23,1,18,0.444,0,0.636,3.5,0.8,0.6,0.1,0
194,Killian Tillie,"Feb 28, '21, MEM @ HOU",22,1,18,0.333,0.303,0.818,10.1,3.2,1.3,0.4,0
195,Keljin Blevins,"Dec 23, '20, POR vs. UTA",25,1,17,0.25,0.25,,4.4,0.7,0.6,0.2,0
196,Ty-Shon Alexander,"Dec 27, '20, PHO @ SAC",22,1,15,0.25,0.222,0.5,3.1,0.6,0.7,0.4,0
197,Udoka Azubuike,"Dec 23, '20, UTA @ POR",21,1,15,0.444,,0.8,3.8,1.1,0.9,0,0
198,Mamadi Diakite,"Mar 11, '21, MIL vs. NYK",24,1,14,0.4,0.125,0.786,10.1,3.1,2.4,0.6,0
199,Jalen Harris,"Jan 8, '21, TOR @ SAC",22,1,13,0.5,0.472,0.778,13.2,7.4,1.4,1.3,0
200,Jahmi'us Ramsey,"Dec 27, '20, SAC vs. PHO",19,1,13,0.395,0.263,1,7.2,3.1,0.8,0.5,0
201,Robert Woodard II,"Dec 27, '20, SAC vs. PHO",21,1,13,0.4,0.167,0.375,3.5,1.5,1.2,0.2,0
202,Devon Dotson,"Jan 1, '21, CHI @ MIL",21,1,11,0.524,0.143,,4.5,2.1,0.5,0.6,0
203,Jontay Porter,"Mar 15, '21, MEM @ PHO",21,1,11,0.533,0.375,0.6,4.9,2,1.3,0.1,0
204,Tyrell Terry,"Dec 25, '20, DAL @ LAL",20,1,11,0.313,0,0.333,5.1,1,0.5,0.5,0
205,Gabriel Deck,"Apr 29, '21, OKC vs. NOP",25,1,10,0.478,0.133,0.818,21.2,8.4,4,2.4,0
206,Karim Mané,"Dec 31, '20, ORL vs. PHI",20,1,10,0.231,0.5,0.8,8.8,1.1,1.4,0.4,0
207,Devin Cannady,"Apr 7, '21, ORL vs. WAS",24,1,8,0.393,0.375,0.857,9.3,4.3,0.6,0.1,0
208,Dakota Mathias,"Dec 27, '20, PHI @ CLE",25,1,8,0.396,0.308,0.333,15.4,6,0.9,1.6,0
209,Nate Darling,"Mar 13, '21, CHO vs. TOR",22,1,7,0.286,0.286,1,3.7,1.3,0.1,0.1,0
210,Robert Franks,"Apr 12, '21, ORL vs. SAS",24,1,7,0.464,0.333,0.923,14.4,6.1,2,0.7,0
211,Grant Riller,"Apr 4, '21, CHO @ BOS",23,1,7,0.667,0.5,,3.9,2.6,0.1,0.4,0
212,Amida Brimah,"Apr 25, '21, IND @ ORL",26,1,5,0.625,,1,5.8,2.6,1.6,0.2,0
213,Cameron Oliver,"May 10, '21, HOU @ POR",24,1,4,0.576,0.308,0.25,21.8,10.8,5.3,1.3,0
214,Jay Scrubb,"May 11, '21, LAC @ TOR",20,1,4,0.389,0.222,1,21,8.8,3.5,0.3,0
215,Greg Whittington,"Feb 27, '21, DEN @ OKC",27,1,4,0,0,,3,0,0,0,0
216,Malik Fitts,"Apr 9, '21, LAC vs. HOU",23,1,3,0.333,0.5,,3.7,1,1,0,0
217,Didi Louzada,"May 12, '21, NOP @ DAL",21,1,3,0.231,0.25,,18.7,2.7,1,1,0
218,Ashton Hagans,"Jan 25, '21, MIN @ GSW",21,1,2,,,,2,0,0,0,0
219,Elijah Bryant,"May 16, '21, MIL @ CHI",25,1,1,0.462,0.2,1,32,16,6,3,0
220,Will Magnay,"Mar 23, '21, NOP vs. LAL",22,1,1,0,0,,3,0,0,0,0
221,Kyle Alexander,"Aug 6, '20, MIA @ MIL",23,1,2,0.5,,,6.5,1,1.5,0,0
222,Nickeil Alexander-Walker,"Oct 22, '19, NOP @ TOR",21,1,47,0.368,0.346,0.676,12.6,5.7,1.8,1.9,0
223,RJ Barrett,"Oct 23, '19, NYK @ SAS",19,1,56,0.402,0.32,0.614,30.4,14.3,5,2.6,1
224,Darius Bazley,"Oct 23, '19, OKC @ UTA",19,1,61,0.394,0.348,0.694,18.5,5.6,4,0.7,0
225,Goga Bitadze,"Oct 26, '19, IND @ CLE",20,1,54,0.467,0.19,0.727,8.7,3.2,2,0.4,0
226,Bol Bol,"Aug 1, '20, DEN vs. MIA",20,1,7,0.5,0.444,0.8,12.4,5.7,2.7,0.9,0
227,Marques Bolden,"Feb 1, '20, CLE vs. GSW",21,1,1,,,,3,0,2,0,0
228,Jordan Bone,"Nov 4, '19, DET @ WAS",22,1,10,0.25,0.2,,5.3,1.2,0.4,0.8,0
229,Brian Bowen,"Nov 12, '19, IND vs. OKC",21,1,6,0.3,0,,5.2,1,1.2,0,0
230,Ky Bowman,"Oct 24, '19, GSW vs. LAC",22,1,45,0.417,0.308,0.829,22.6,7.4,2.7,2.9,0
231,Jarrell Brantley,"Oct 25, '19, UTA @ LAL",23,1,9,0.357,0.231,0.5,10.7,2.7,2.2,1.2,0
232,Ignas Brazdeikis,"Nov 3, '19, NYK vs. SAC",21,1,9,0.273,0.111,0.8,5.9,1.9,0.6,0.4,0
233,Oshae Brissett,"Nov 18, '19, TOR vs. CHO",21,1,19,0.361,0.2,0.8,7.1,1.9,1.4,0.4,0
234,Charlie Brown Jr.,"Nov 6, '19, ATL vs. CHI",22,1,10,0.316,0.333,1,4,2,0.4,0.2,0
235,Moses Brown,"Nov 10, '19, POR vs. ATL",20,1,9,0.4,,0.375,3.7,1.2,1.6,0.1,0
236,Devontae Cacok,"Aug 13, '20, LAL vs. SAC",23,1,1,0.5,,,9,6,5,1,0
237,Vlatko Čančar,"Oct 31, '19, DEN @ NOP",22,1,14,0.4,0.167,1,3.2,1.2,0.7,0.2,0
238,Zylan Cheatham,"Nov 16, '19, NOP @ MIA",24,1,4,0.667,0,,12.8,3,2.3,0.8,0
239,Brandon Clarke,"Oct 23, '19, MEM @ MIA",23,1,58,0.618,0.359,0.759,22.4,12.1,5.9,1.4,50
240,Nic Claxton,"Nov 8, '19, BRK @ POR",20,1,15,0.563,0.143,0.524,12.5,4.4,2.9,1.1,0
241,Chris Clemons,"Nov 3, '19, HOU @ MIA",22,1,33,0.401,0.346,0.909,8.8,4.9,0.9,0.8,0
242,Amir Coffey,"Dec 31, '19, LAC @ SAC",22,1,18,0.426,0.316,0.545,8.8,3.2,0.9,0.8,0
243,Tyler Cook,"Oct 26, '19, CLE vs. IND",22,1,13,0.667,,0.875,4.2,1.8,1.1,0.1,0
244,Jarrett Culver,"Oct 23, '19, MIN @ BRK",20,1,63,0.404,0.299,0.462,23.9,9.2,3.4,1.7,0
245,Terence Davis,"Oct 22, '19, TOR vs. NOP",22,1,72,0.456,0.388,0.864,16.8,7.5,3.3,1.6,2
246,Luguentz Dort,"Dec 6, '19, OKC vs. MIN",20,1,36,0.394,0.297,0.792,22.8,6.8,2.3,0.8,0
247,Sekou Doumbouya,"Nov 23, '19, DET @ MIL",19,1,38,0.39,0.286,0.674,19.8,6.4,3.1,0.5,0
248,Carsen Edwards,"Oct 23, '19, BOS @ PHI",21,1,37,0.328,0.316,0.684,9.5,3.3,1.3,0.6,0
249,Tacko Fall,"Oct 26, '19, BOS @ NYK",24,1,7,0.786,,0.333,4.7,3.3,2.1,0.1,0
250,Bruno Fernando,"Oct 24, '19, ATL @ DET",21,1,56,0.518,0.135,0.569,12.7,4.3,3.5,0.9,0
251,Michael Frazier,"Jan 9, '20, HOU @ OKC",25,1,13,0.241,0.174,0.643,11.2,2.1,0.8,0.2,0
252,Wenyen Gabriel,"Oct 23, '19, SAC @ PHO",22,1,30,0.438,0.3,0.682,7.8,2.1,1.7,0.3,0
253,Daniel Gafford,"Oct 26, '19, CHI vs. TOR",21,1,43,0.701,,0.533,14.2,5.1,2.5,0.5,0
254,Darius Garland,"Oct 23, '19, CLE @ ORL",20,1,59,0.401,0.355,0.875,30.9,12.3,1.9,3.9,0
255,Javonte Green,"Oct 25, '19, BOS vs. TOR",26,1,48,0.5,0.273,0.667,9.8,3.4,1.9,0.5,0
256,Marko Guduric,"Oct 23, '19, MEM @ MIA",24,1,44,0.395,0.301,0.923,11,3.9,1.7,1,0
257,Kyle Guy,"Jan 10, '20, SAC vs. MIL",22,1,3,0.4,0,,3.3,1.3,0.3,0.3,0
258,Rui Hachimura,"Oct 23, '19, WAS @ DAL",21,1,48,0.466,0.287,0.829,30.1,13.5,6.1,1.8,0
259,Devon Hall,"Nov 12, '19, OKC @ IND",24,1,11,0.2,0.235,0.5,7.4,1.8,0.6,1.2,0
260,Donta Hall,"Feb 25, '20, DET @ DEN",22,1,9,0.682,,0.5,14.8,4.3,4.2,0.4,0
261,Jared Harper,"Oct 23, '19, PHO vs. SAC",22,1,3,0.25,0,,2.7,0.7,0,0,0
262,Jaxson Hayes,"Oct 28, '19, NOP vs. GSW",19,1,64,0.672,0.25,0.647,16.9,7.4,4,0.9,0
263,Dewan Hernandez,"Nov 18, '19, TOR vs. CHO",23,1,6,0.357,0.5,0.6,4.7,2.3,2.3,0.5,0
264,Tyler Herro,"Oct 23, '19, MIA vs. MEM",20,1,55,0.428,0.389,0.87,27.4,13.5,4.1,2.2,0
265,Kevin Hervey,"Dec 26, '19, OKC vs. MEM",23,1,10,0.259,0.15,,5.2,1.7,1.2,0.5,0
266,Jaylen Hoard,"Nov 10, '19, POR vs. ATL",20,1,13,0.469,0,0.615,7.9,2.9,2.5,0.3,0
267,Talen Horton-Tucker,"Dec 8, '19, LAL vs. MIN",19,1,6,0.467,0.308,0.5,13.5,5.7,1.2,1,0
268,William Howard,"Feb 7, '20, HOU @ PHO",26,1,2,0,0,,6.5,0,1,0.5,0
269,De'Andre Hunter,"Oct 24, '19, ATL @ DET",22,1,63,0.41,0.355,0.764,32,12.3,4.5,1.8,0
270,Justin James,"Oct 25, '19, SAC vs. POR",23,1,36,0.417,0.31,0.476,6.4,2.5,0.9,0.5,0
271,DaQuan Jeffries,"Nov 15, '19, SAC @ LAL",22,1,13,0.5,0.278,0.833,10.8,3.8,1.4,0.5,0
272,Ty Jerome,"Dec 2, '19, PHO @ CHO",22,1,31,0.336,0.28,0.75,10.6,3.3,1.5,1.4,0
273,Cameron Johnson,"Oct 26, '19, PHO vs. LAC",23,1,57,0.435,0.39,0.807,22,8.8,3.3,1.2,0
274,Keldon Johnson,"Nov 22, '19, SAS @ PHI",20,1,17,0.596,0.591,0.795,17.7,9.1,3.4,0.9,0
275,Mfiondu Kabengele,"Oct 24, '19, LAC @ GSW",22,1,12,0.438,0.45,1,5.3,3.5,0.9,0.2,0
276,Stanton Kidd,"Oct 25, '19, UTA @ LAL",27,1,4,0,0,,3.8,0,0.8,0.3,0
277,Louis King,"Dec 26, '19, DET vs. WAS",20,1,10,0.381,0.364,0,6.2,2,1,0.5,0
278,John Konchar,"Nov 9, '19, MEM vs. DAL",23,1,19,0.649,0.5,0.5,9.5,2.8,2.5,1.2,0
279,Romeo Langford,"Oct 30, '19, BOS vs. MIL",20,1,32,0.35,0.185,0.72,11.6,2.5,1.3,0.4,0
280,Vic Law,"Jan 26, '20, ORL vs. LAC",24,1,8,0.333,0.143,0.333,7.8,1.9,1.4,0.4,0
281,Jalen Lecque,"Jan 16, '20, PHO @ NYK",19,1,5,0.4,0,1,6.4,2,0.4,0.4,0
282,Nassir Little,"Oct 25, '19, POR @ SAC",19,1,48,0.43,0.237,0.636,11.9,3.6,2.3,0.5,0
283,Terance Mann,"Oct 24, '19, LAC @ GSW",23,1,41,0.468,0.35,0.667,8.8,2.4,1.3,1.3,0
284,Caleb Martin,"Oct 25, '19, CHO vs. MIN",24,1,18,0.44,0.541,0.81,17.6,6.2,2.1,1.3,0
285,Cody Martin,"Oct 25, '19, CHO vs. MIN",24,1,48,0.43,0.234,0.646,18.8,5,3.3,2,0
286,Jeremiah Martin,"Jan 31, '20, BRK vs. CHI",23,1,9,0.453,0.278,0.786,11,7.1,1.1,2,0
287,Kelan Martin,"Oct 25, '19, MIN @ CHO",24,1,31,0.392,0.26,0.968,16,6.4,3.1,0.7,0
288,Garrison Mathews,"Oct 23, '19, WAS @ DAL",23,1,18,0.429,0.413,0.912,12.6,5.4,1.3,0.6,0
289,Jalen McDaniels,"Oct 25, '19, CHO vs. MIN",22,1,16,0.471,0.375,0.824,18.3,5.6,4.1,0.8,0
290,Jordan McLaughlin,"Nov 6, '19, MIN @ MEM",23,1,30,0.489,0.382,0.667,19.7,7.6,1.6,4.2,0
291,Nicolò Melli,"Oct 22, '19, NOP @ TOR",29,1,60,0.421,0.335,0.74,17.4,6.6,3,1.4,0
292,Eric Mika,"Feb 1, '20, SAC vs. LAL",25,1,1,0.667,,1,19,6,7,0,0
293,Adam Mokoka,"Dec 28, '19, CHI vs. ATL",21,1,11,0.429,0.4,0.5,10.2,2.9,0.9,0.4,0
294,Matt Mooney,"Jan 20, '20, CLE vs. NYK",22,1,4,0.25,0,,4.8,0.5,0.8,0.3,0
295,Ja Morant,"Oct 23, '19, MEM @ MIA",20,1,67,0.477,0.335,0.776,31,17.8,3.9,7.3,498
296,Juwan Morgan,"Nov 27, '19, UTA @ IND",22,1,21,0.577,0.375,0.75,6.4,1.7,1.4,0.3,0
297,Mychal Mulder,"Feb 27, '20, GSW vs. LAL",25,1,7,0.388,0.308,0.75,29.1,11,3.3,1.1,0
298,Malik Newman,"Feb 9, '20, CLE vs. LAC",22,1,1,0,0,1,4,2,0,0,0
299,Zach Norvell,"Oct 25, '19, LAL vs. UTA",22,1,5,0.25,0.375,1,8.2,2,1.2,0.6,0
300,Jaylen Nowell,"Nov 6, '19, MIN @ MEM",20,1,15,0.358,0.115,0.941,10.1,3.8,0.9,1.3,0
301,Kendrick Nunn,"Oct 23, '19, MIA vs. MEM",24,1,67,0.439,0.35,0.85,29.3,15.3,2.7,3.3,204
302,KZ Okpala,"Oct 23, '19, MIA vs. MEM",20,1,5,0.6,0,0.5,5.2,1.4,1,0.2,0
303,Miye Oni,"Nov 11, '19, UTA @ GSW",22,1,10,0.375,0.368,0.8,10.9,3.5,1.7,0.4,0
304,Tariq Owens,"Feb 2, '20, PHO @ MIL",24,1,3,0.2,0,1,5,1.3,1,0,0
305,Eric Paschall,"Oct 24, '19, GSW vs. LAC",23,1,60,0.497,0.287,0.774,27.6,14,4.6,2.1,2
306,Anžejs Pasečņiks,"Dec 18, '19, WAS vs. CHI",24,1,27,0.526,0,0.586,16.2,5.8,4,0.7,0
307,Norvel Pelle,"Nov 29, '19, PHI @ NYK",26,1,24,0.521,0,0.5,9.7,2.4,3,0.3,0
308,Vincent Poirier,"Oct 26, '19, BOS @ NYK",26,1,22,0.472,0.5,0.857,5.9,1.9,2,0.4,0
309,Shamorie Ponds,"Nov 27, '19, TOR vs. NYK",21,1,4,0.6,0.5,1,2.8,2.3,0.3,0.5,0
310,Jordan Poole,"Oct 24, '19, GSW vs. LAC",20,1,57,0.333,0.279,0.798,22.4,8.8,2.1,2.4,0
311,Kevin Porter Jr.,"Oct 23, '19, CLE @ ORL",19,1,50,0.442,0.335,0.723,23.2,10,3.2,2.2,0
312,Michael Porter Jr.,"Oct 31, '19, DEN @ NOP",21,1,55,0.509,0.422,0.833,16.4,9.3,4.7,0.8,0
313,Josh Reaves,"Jan 2, '20, DAL vs. BRK",22,1,4,0.333,0,1,7,2,0.8,0.8,0
314,Cam Reddish,"Oct 24, '19, ATL @ DET",20,1,58,0.384,0.332,0.802,26.7,10.5,3.7,1.5,0
315,Naz Reid,"Dec 8, '19, MIN @ LAL",20,1,30,0.412,0.33,0.698,16.5,9,4.1,1.2,0
316,Justin Robinson,"Oct 23, '19, WAS @ DAL",22,1,9,0.417,0.6,,5.4,1.4,0.6,0.8,0
317,Isaiah Roby,"Jan 29, '20, OKC @ SAC",21,1,3,0,,,3.7,0,0.7,0,0
318,Luka Šamanić,"Mar 6, '20, SAS @ BRK",20,1,3,0.313,0.375,0.75,16,5.3,3.3,2,0
319,Admiral Schofield,"Oct 23, '19, WAS @ DAL",22,1,33,0.38,0.311,0.667,11.2,3,1.4,0.5,0
320,Marial Shayok,"Feb 6, '20, PHI @ MIL",24,1,4,0.25,0.333,0.75,7,2.8,1.8,0.3,0
321,Chris Silva,"Oct 23, '19, MIA vs. MEM",23,1,44,0.615,0,0.673,7.9,3,2.9,0.5,0
322,Alen Smailagić,"Dec 27, '19, GSW vs. PHO",19,1,14,0.5,0.231,0.842,9.9,4.2,1.9,0.9,0
323,Max Strus,"Nov 22, '19, CHI vs. MIA",23,1,2,0.667,0,1,3,2.5,0.5,0,0
324,Matt Thomas,"Oct 26, '19, TOR @ CHI",25,1,41,0.487,0.475,0.75,10.7,4.9,1.5,0.5,0
325,Matisse Thybulle,"Oct 23, '19, PHI vs. BOS",22,1,65,0.423,0.357,0.61,19.8,4.7,1.6,1.2,0
326,Juan Toscano-Anderson,"Feb 8, '20, GSW vs. LAL",26,1,13,0.46,0.348,0.6,20.9,5.3,4,2,0
327,Rayjon Tucker,"Dec 30, '19, UTA vs. DET",22,1,20,0.465,0.176,0.826,8.1,3.1,1,0.3,0
328,Gabe Vincent,"Jan 27, '20, MIA vs. ORL",23,1,9,0.216,0.222,,9.2,2.4,0.6,0.7,0
329,Dean Wade,"Nov 18, '19, CLE @ NYK",23,1,12,0.692,0.5,0,5.9,1.7,1.6,0.2,0
330,P.J. Washington,"Oct 23, '19, CHO vs. CHI",21,1,58,0.455,0.374,0.647,30.3,12.2,5.4,2.1,0
331,Tremont Waters,"Nov 25, '19, BOS vs. SAC",22,1,11,0.286,0.167,1,10.8,3.6,1.1,1.5,0
332,Paul Watson,"Jan 8, '20, ATL vs. HOU",25,1,10,0.385,0.333,0.778,8.7,3.1,1.7,0.8,0
333,Quinndary Weatherspoon,"Feb 8, '20, SAS @ SAC",23,1,11,0.294,0.2,0.5,7.1,1.1,0.6,1,0
334,Coby White,"Oct 23, '19, CHI @ CHO",19,1,65,0.394,0.354,0.791,25.8,13.2,3.5,2.7,3
335,Grant Williams,"Oct 23, '19, BOS @ PHI",21,1,69,0.412,0.25,0.722,15.1,3.4,2.6,1,0
336,Nigel Williams-Goss,"Oct 25, '19, UTA @ LAL",25,1,10,0.313,0.286,1,5,1.4,0.6,0.6,0
337,Zion Williamson,"Jan 22, '20, NOP vs. SAS",19,1,24,0.583,0.429,0.64,27.8,22.5,6.3,2.1,140
338,Justin Wright-Foreman,"Feb 21, '20, UTA vs. SAS",22,1,4,0.35,0.2,0.75,11.3,4.8,1.3,1.8,0
339,Jaylen Adams,"Oct 17, '18, ATL @ NYK",22,1,34,0.345,0.338,0.778,12.6,3.2,1.8,1.9,0
340,Deng Adel,"Jan 19, '19, CLE @ DEN",21,1,19,0.306,0.261,1,10.2,1.7,1,0.3,0
341,DeVaughn Akoon-Purcell,"Oct 23, '18, DEN vs. SAC",25,1,7,0.3,0,0.5,3.1,1,0.6,0.9,0
342,Rawle Alkins,"Dec 17, '18, CHI @ OKC",21,1,10,0.333,0.25,0.667,12,3.7,2.6,1.3,0
343,Grayson Allen,"Oct 22, '18, UTA vs. MEM",23,1,38,0.376,0.323,0.75,10.9,5.6,0.6,0.7,0
344,Kostas Antetokounmpo,"Mar 20, '19, DAL @ POR",21,1,2,0,,0.5,5.5,1,0.5,0,0
345,Deandre Ayton,"Oct 17, '18, PHO vs. DAL",20,1,71,0.585,0,0.746,30.7,16.3,10.3,1.8,66
346,Marvin Bagley III,"Oct 17, '18, SAC vs. UTA",19,1,62,0.504,0.313,0.691,25.3,14.9,7.6,1,6
347,Mo Bamba,"Oct 17, '18, ORL vs. MIA",20,1,47,0.481,0.3,0.587,16.3,6.2,5,0.8,0
348,Keita Bates-Diop,"Oct 26, '18, MIN vs. MIL",23,1,30,0.423,0.25,0.643,16.8,5,2.8,0.6,0
349,Dairis Bertāns,"Mar 10, '19, NOP @ ATL",29,1,12,0.255,0.294,,13.9,2.8,0.8,0.8,0
350,Jaron Blossomgame,"Dec 5, '18, CLE vs. GSW",25,1,27,0.443,0.256,0.769,16.3,4.2,3.6,0.5,0
351,Jonah Bolden,"Oct 16, '18, PHI @ BOS",23,1,44,0.494,0.354,0.481,14.5,4.7,3.8,0.9,0
352,Isaac Bonga,"Dec 7, '18, LAL @ SAS",19,1,22,0.152,0,0.6,5.5,0.9,1.1,0.7,0
353,Mikal Bridges,"Oct 17, '18, PHO vs. DAL",22,1,82,0.43,0.335,0.805,29.5,8.3,3.2,2.1,0
354,Miles Bridges,"Oct 17, '18, CHO vs. MIL",20,1,80,0.464,0.325,0.753,21.2,7.5,4,1.2,0
355,Isaiah Briscoe,"Oct 19, '18, ORL vs. CHO",22,1,39,0.399,0.324,0.577,14.3,3.5,1.9,2.2,0
356,Ryan Broekhoff,"Oct 17, '18, DAL @ PHO",28,1,42,0.452,0.409,0.789,10.8,4,1.5,0.5,0
357,Bruce Brown,"Oct 17, '18, DET vs. BRK",22,1,74,0.398,0.258,0.75,19.6,4.3,2.5,1.2,0
358,Troy Brown Jr.,"Oct 24, '18, WAS @ GSW",19,1,52,0.415,0.319,0.681,14,4.8,2.8,1.5,0
359,Jalen Brunson,"Oct 17, '18, DAL @ PHO",22,1,73,0.467,0.348,0.725,21.8,9.3,2.3,3.2,0
360,Deonte Burton,"Oct 19, '18, OKC @ LAC",25,1,32,0.402,0.296,0.667,7.5,2.6,0.9,0.3,0
361,Jevon Carter,"Dec 15, '18, MEM vs. HOU",23,1,39,0.303,0.333,0.813,14.8,4.4,1.7,1.8,0
362,Wendell Carter Jr.,"Oct 18, '18, CHI @ PHI",19,1,44,0.485,0.188,0.795,25.2,10.3,7,1.8,0
363,Troy Caupain,"Dec 31, '18, ORL @ CHO",23,1,4,0.5,0.667,,4,2.5,0.8,1,0
364,Joe Chealey,"Jan 30, '19, CHO @ BOS",23,1,1,0.333,,,8,2,0,1,0
365,Chris Chiozza,"Mar 24, '19, HOU @ NOP",23,1,7,0.25,0.4,,4.7,0.9,0.6,0.6,0
366,Gary Clark,"Oct 17, '18, HOU vs. NOP",24,1,51,0.331,0.297,1,12.6,2.9,2.3,0.4,0
367,Bonzie Colson,"Feb 25, '19, MIL @ CHI",23,1,8,0.333,0.238,0.889,12.3,4.9,3.8,0.4,0
368,Mitch Creek,"Jan 25, '19, BRK vs. NYK",26,1,5,0.5,0,0.714,9.6,4.2,2.4,1.2,0
369,Tyler Davis,"Nov 28, '18, OKC vs. CLE",21,1,1,0,,,1,0,1,0,0
370,Ángel Delgado,"Feb 7, '19, LAC @ IND",24,1,2,0.2,,0.5,7.5,1.5,2,0,0
371,Marcus Derrickson,"Nov 10, '18, GSW vs. BRK",22,1,11,0.485,0.5,0.8,6.1,4.2,1.2,0.1,0
372,Hamidou Diallo,"Oct 16, '18, OKC @ GSW",20,1,51,0.455,0.167,0.61,10.3,3.7,1.9,0.3,0
373,Donte DiVincenzo,"Oct 17, '18, MIL @ CHO",22,1,27,0.403,0.265,0.75,15.2,4.9,2.4,1.1,0
374,Luka Dončić,"Oct 17, '18, DAL @ PHO",19,1,72,0.427,0.327,0.713,32.2,21.2,7.8,6,496
375,Trevon Duval,"Feb 8, '19, MIL @ DAL",20,1,3,0.667,1,,2,1.7,0.3,0.7,0
376,Vince Edwards,"Nov 15, '18, HOU vs. GSW",22,1,2,0.25,0.25,,8,1.5,1,0,0
377,Drew Eubanks,"Oct 20, '18, SAS @ POR",21,1,23,0.577,,0.846,4.9,1.8,1.5,0.3,0
378,Jacob Evans,"Oct 22, '18, GSW vs. PHO",21,1,30,0.34,0.267,0,6.8,1.3,0.8,0.8,0
379,Melvin Frazier,"Nov 2, '18, ORL vs. LAC",22,1,10,0.333,0,0.25,4.4,1.5,0.5,0.1,0
380,Billy Garrett,"Apr 3, '19, NYK @ ORL",24,1,4,0.407,0,1,15.8,6.5,0.8,1.8,0
381,Harry Giles,"Oct 17, '18, SAC vs. UTA",20,1,58,0.503,0,0.637,14.1,7,3.8,1.5,0
382,Shai Gilgeous-Alexander,"Oct 17, '18, LAC vs. DEN",20,1,82,0.476,0.367,0.8,26.5,10.8,2.8,3.3,7
383,Brandon Goodwin,"Dec 18, '18, DEN vs. DAL",23,1,16,0.261,0.333,0.818,3.6,1.4,0.2,0.9,0
384,Devonte' Graham,"Oct 22, '18, CHO @ TOR",23,1,46,0.343,0.281,0.761,14.7,4.7,1.4,2.6,0
385,Donte Grantham,"Feb 7, '19, OKC vs. MEM",23,1,3,0,0,,0.7,0,0,0,0
386,Dusty Hannahs,"Mar 31, '19, MEM @ LAC",25,1,2,0.25,0,1,13,4,0.5,2.5,0
387,Isaiah Hartenstein,"Oct 17, '18, HOU vs. NOP",20,1,28,0.488,0.333,0.786,7.9,1.9,1.7,0.5,0
388,Haywood Highsmith,"Jan 8, '19, PHI vs. WAS",22,1,5,0.4,0.2,0,8,1.8,1,0.4,0
389,Aaron Holiday,"Oct 17, '18, IND vs. MEM",22,1,50,0.401,0.339,0.82,12.9,5.9,1.3,1.7,0
390,Kevin Huerter,"Oct 17, '18, ATL @ NYK",20,1,75,0.419,0.385,0.732,27.3,9.7,3.3,2.9,0
391,Isaac Humphries,"Apr 2, '19, ATL @ SAS",21,1,5,0.286,0.273,,11.2,3,2.2,0,0
392,Chandler Hutchison,"Oct 18, '18, CHI @ PHI",22,1,44,0.459,0.28,0.605,20.3,5.2,4.2,0.8,0
393,Frank Jackson,"Oct 17, '18, NOP @ HOU",20,1,61,0.434,0.314,0.74,19.2,8.1,2.2,1.1,0
394,Jaren Jackson Jr.,"Oct 17, '18, MEM @ IND",19,1,58,0.506,0.359,0.766,26.1,13.8,4.7,1.1,12
395,Amile Jefferson,"Dec 31, '18, ORL @ CHO",25,1,12,0.625,,0.875,5.7,2.3,1.8,0.3,0
396,Alize Johnson,"Oct 19, '18, IND @ MIL",22,1,14,0.25,0.5,0.5,4.6,0.9,1.4,0.1,0
397,B.J. Johnson,"Mar 3, '19, ATL @ CHI",23,1,7,0.5,0.429,1,7,3.3,1.1,0,0
398,Jemerrio Jones,"Mar 31, '19, LAL @ NOP",23,1,6,0.364,0.2,0.5,23.8,4.5,8.2,2.2,0
399,George King,"Dec 11, '18, PHO @ SAS",25,1,1,,,,6,0,1,0,0
400,Kevin Knox,"Oct 17, '18, NYK vs. ATL",19,1,75,0.37,0.343,0.717,28.8,12.8,4.5,1.1,0
401,Rodions Kurucs,"Oct 17, '18, BRK @ DET",20,1,63,0.45,0.315,0.783,20.5,8.5,3.9,0.8,0
402,Zach Lofton,"Oct 17, '18, DET vs. BRK",26,1,1,0,0,,4,0,0,0,0
403,Jordan Loyd,"Oct 29, '18, TOR @ MIL",25,1,12,0.444,0.5,0.818,4.6,2.4,0.8,0.5,0
404,Daryl Macon,"Oct 26, '18, DAL @ TOR",23,1,8,0.37,0.455,0.571,11.3,3.6,1.5,0.9,0
405,J.P. Macura,"Jan 2, '19, CHO vs. DAL",23,1,2,0.333,0,,8.5,3,1.5,1,0
406,Yante Maten,"Apr 9, '19, MIA vs. PHI",22,1,2,0.25,0,,6.5,1,1.5,0,0
407,Tahjere McCall,"Feb 27, '19, BRK vs. WAS",24,1,1,0.667,0,0,8,4,1,0,0
408,De'Anthony Melton,"Oct 22, '18, PHO @ GSW",20,1,50,0.391,0.305,0.75,19.7,5,2.7,3.2,0
409,Chimezie Metu,"Oct 20, '18, SAS @ POR",21,1,29,0.328,0,0.765,5,1.8,1.2,0.4,0
410,Shake Milton,"Nov 30, '18, PHI vs. WAS",22,1,20,0.391,0.318,0.714,13.4,4.4,1.8,0.9,0
411,Džanan Musa,"Oct 20, '18, BRK @ IND",19,1,9,0.409,0.1,0,4.3,2.1,0.6,0.2,0
412,Svi Mykhailiuk,"Oct 22, '18, LAL vs. SAS",21,1,42,0.329,0.326,0.6,10.5,3.2,0.9,0.9,0
413,Elie Okobo,"Oct 17, '18, PHO vs. DAL",21,1,53,0.393,0.295,0.787,18.1,5.7,1.8,2.4,0
414,Josh Okogie,"Oct 20, '18, MIN @ DAL",20,1,74,0.386,0.279,0.728,23.7,7.7,2.9,1.2,1
415,Theo Pinson,"Oct 20, '18, BRK @ IND",23,1,18,0.342,0.261,0.864,11.7,4.5,2,1.2,0
416,Cameron Reynolds,"Mar 3, '19, MIN @ WAS",23,1,19,0.423,0.412,0.889,13.6,5,1.6,0.7,0
417,Duncan Robinson,"Oct 24, '18, MIA vs. NYK",24,1,15,0.391,0.286,0.667,10.7,3.3,1.3,0.3,0
418,Jerome Robinson,"Oct 26, '18, LAC @ HOU",21,1,33,0.4,0.316,0.667,9.7,3.4,1.2,0.6,0
419,Mitchell Robinson,"Oct 17, '18, NYK vs. ATL",20,1,66,0.694,,0.6,20.6,7.3,6.4,0.6,1
420,Brandon Sampson,"Jan 30, '19, CHI @ MIA",21,1,14,0.467,0.379,0.667,15.3,5.1,1.1,0.7,0
421,Collin Sexton,"Oct 17, '18, CLE @ TOR",20,1,82,0.43,0.402,0.839,31.8,16.7,2.9,3,10
422,Landry Shamet,"Oct 16, '18, PHI @ BOS",21,1,79,0.431,0.422,0.806,22.8,9.1,1.7,1.5,0
423,Jordan Sibert,"Feb 27, '19, ATL vs. MIN",26,1,1,1,1,,4,3,0,0,0
424,Anfernee Simons,"Oct 30, '18, POR @ HOU",19,1,20,0.444,0.345,0.563,7.1,3.8,0.7,0.7,0
425,Zhaire Smith,"Mar 25, '19, PHI @ ORL",19,1,6,0.412,0.375,0.75,18.5,6.7,2.2,1.7,0
426,Ray Spalding,"Oct 17, '18, DAL @ PHO",21,1,14,0.532,0,0.333,10.6,3.9,3.4,0.4,0
427,Omari Spellman,"Oct 17, '18, ATL @ NYK",21,1,46,0.402,0.344,0.711,17.5,5.9,4.2,1,0
428,Jared Terrell,"Nov 4, '18, MIN @ POR",23,1,14,0.308,0.235,0.5,7.9,2.2,0.4,0.9,0
429,Emanuel Terry,"Jan 27, '19, PHO @ LAL",22,1,3,0.571,,0.5,7.7,3.3,2.3,0.7,0
430,Khyri Thomas,"Nov 9, '18, DET @ ATL",22,1,26,0.319,0.286,0.636,7.5,2.3,0.8,0.3,0
431,Gary Trent Jr.,"Nov 4, '18, POR vs. MIN",20,1,15,0.32,0.238,0.429,7.4,2.7,0.7,0.3,0
432,Allonzo Trier,"Oct 17, '18, NYK vs. ATL",23,1,64,0.448,0.394,0.803,22.8,10.9,3.1,1.9,0
433,Jarred Vanderbilt,"Jan 25, '19, DEN vs. PHO",19,1,17,0.474,0,0.6,4.1,1.4,1.4,0.2,0
434,Moritz Wagner,"Nov 17, '18, LAL @ ORL",21,1,43,0.415,0.286,0.811,10.4,4.8,2,0.6,0
435,Lonnie Walker IV,"Jan 3, '19, SAS vs. TOR",20,1,17,0.348,0.385,0.8,6.9,2.6,1,0.5,0
436,Brad Wanamaker,"Oct 16, '18, BOS vs. PHI",29,1,36,0.476,0.41,0.857,9.5,3.9,1.1,1.6,0
437,Julian Washburn,"Jan 21, '19, MEM vs. NOP",27,1,18,0.333,0.208,0.75,14.1,2.2,2.3,0.8,0
438,Yuta Watanabe,"Oct 27, '18, MEM vs. PHO",24,1,15,0.294,0.125,0.7,11.6,2.6,2.1,0.5,0
439,Thomas Welsh,"Oct 17, '18, DEN @ LAC",22,1,11,0.538,0.429,0.5,3.3,1.6,0.4,0.5,0
440,Johnathan Williams,"Oct 22, '18, LAL vs. SAS",23,1,24,0.591,0,0.563,15.5,6.5,4.1,0.5,0
441,Kenrich Williams,"Oct 17, '18, NOP @ HOU",24,1,46,0.384,0.333,0.684,23.5,6.1,4.8,1.8,0
442,Robert Williams,"Oct 22, '18, BOS vs. ORL",21,1,32,0.706,,0.6,8.8,2.5,2.5,0.2,0
443,Trae Young,"Oct 17, '18, ATL @ NYK",20,1,81,0.418,0.324,0.829,30.9,19.1,3.7,8.1,301
444,Bam Adebayo,"Oct 18, '17, MIA @ ORL",20,1,69,0.512,0,0.721,19.8,6.9,5.5,1.5,0
445,Jarrett Allen,"Oct 20, '17, BRK vs. ORL",19,1,72,0.589,0.333,0.776,20,8.2,5.4,0.7,0
446,Kadeem Allen,"Dec 11, '17, BOS @ CHI",25,1,18,0.273,0,0.778,5.9,1.1,0.6,0.7,0
447,Ike Anigbogu,"Oct 20, '17, IND vs. POR",19,1,11,0.444,,0.833,2.7,1.2,0.8,0,0
448,OG Anunoby,"Oct 19, '17, TOR vs. CHI",20,1,74,0.471,0.371,0.629,20,5.9,2.5,0.7,0
449,Ryan Arcidiacono,"Oct 19, '17, CHI @ TOR",23,1,24,0.415,0.29,0.833,12.7,2,1,1.5,0
450,Jamel Artis,"Dec 13, '17, ORL vs. LAC",25,1,15,0.392,0.276,0.583,18.6,5.1,2.5,1.2,0
451,Dwayne Bacon,"Oct 18, '17, CHO @ DET",22,1,53,0.375,0.256,0.8,13.5,3.3,2.3,0.7,0
452,Lonzo Ball,"Oct 19, '17, LAL vs. LAC",20,1,52,0.36,0.305,0.451,34.2,10.2,6.9,7.2,0
453,Jordan Bell,"Oct 17, '17, GSW vs. HOU",23,1,57,0.627,0,0.682,14.2,4.6,3.6,1.8,0
454,Khem Birch,"Oct 21, '17, ORL @ CLE",25,1,42,0.54,,0.689,13.8,4.2,4.3,0.8,0
455,Jabari Bird,"Oct 20, '17, BOS @ PHI",23,1,13,0.577,0.429,0.462,8.8,3,1.5,0.6,0
456,Antonio Blakeney,"Oct 19, '17, CHI @ TOR",21,1,19,0.371,0.288,0.769,16.5,7.9,1.7,1.1,0
457,Bogdan Bogdanović,"Oct 23, '17, SAC @ PHO",25,1,78,0.446,0.392,0.84,27.9,11.8,2.9,3.3,0
458,Chris Boucher,"Mar 14, '18, GSW vs. LAL",25,1,1,0,0,,1,0,1,0,0
459,Tony Bradley,"Nov 5, '17, UTA @ HOU",20,1,9,0.273,0,1,3.2,0.9,1.2,0.1,0
460,Dillon Brooks,"Oct 18, '17, MEM vs. NOP",22,1,82,0.44,0.356,0.747,28.7,11,3.1,1.6,0
461,Sterling Brown,"Oct 20, '17, MIL vs. CLE",22,1,54,0.4,0.352,0.875,14.4,4,2.6,0.5,0
462,Thomas Bryant,"Dec 23, '17, LAL vs. POR",20,1,15,0.381,0.1,0.556,4.8,1.5,1.1,0.4,0
463,Alex Caruso,"Oct 19, '17, LAL vs. LAC",23,1,37,0.431,0.302,0.7,15.2,3.6,1.8,2,0
464,Tyler Cavanaugh,"Nov 5, '17, ATL @ CLE",23,1,39,0.441,0.36,0.81,13.3,4.7,3.3,0.7,0
465,Gian Clavell,"Oct 20, '17, DAL vs. SAC",24,1,7,0.333,0.4,1,9.1,2.9,1,0.4,0
466,Antonius Cleveland,"Nov 17, '17, DAL vs. MIN",23,1,17,0.381,0.75,0.667,7.2,1.4,0.8,0.1,0
467,John Collins,"Oct 18, '17, ATL @ DAL",20,1,74,0.576,0.34,0.715,24.1,10.5,7.3,1.3,0
468,Zach Collins,"Oct 20, '17, POR @ IND",20,1,66,0.398,0.31,0.643,15.8,4.4,3.3,0.8,0
469,Kyle Collinsworth,"Dec 20, '17, DAL vs. DET",26,1,32,0.384,0.235,0.525,15,3.2,3.3,1.8,0
470,Charles Cooke,"Oct 28, '17, NOP vs. CLE",23,1,13,0.143,0.125,0.5,2.9,0.5,0.2,0.1,0
471,Matt Costello,"Nov 11, '17, SAS vs. CHI",24,1,4,0.5,,,8,1,2.3,0.5,0
472,Torrey Craig,"Nov 28, '17, DEN @ UTA",27,1,39,0.453,0.293,0.629,16.1,4.2,3.3,0.6,0
473,Tyler Dorsey,"Oct 20, '17, ATL @ CHO",21,1,56,0.377,0.362,0.714,17.4,7.2,2.3,1.4,0
474,Damyean Dotson,"Oct 19, '17, NYK @ OKC",23,1,44,0.447,0.324,0.696,10.8,4.1,1.9,0.7,0
475,Milton Doyle,"Dec 26, '17, BRK @ SAS",24,1,10,0.277,0.174,0.5,12.5,3.4,1.8,1,0
476,PJ Dozier,"Feb 8, '18, OKC @ LAL",21,1,2,0.5,,,1.5,1,0.5,0,0
477,Jawun Evans,"Oct 30, '17, LAC vs. GSW",21,1,48,0.352,0.278,0.776,16.2,4.8,1.8,2.1,0
478,Terrance Ferguson,"Oct 19, '17, OKC vs. NYK",19,1,61,0.414,0.333,0.9,12.5,3.1,0.8,0.3,0
479,De'Aaron Fox,"Oct 18, '17, SAC vs. HOU",20,1,73,0.412,0.307,0.723,27.8,11.6,2.8,4.4,0
480,Markelle Fultz,"Oct 18, '17, PHI @ WAS",19,1,14,0.405,0,0.476,18.1,7.1,3.1,3.8,0
481,Josh Gray,"Feb 2, '18, PHO vs. UTA",24,1,5,0.268,0.231,0.636,17.2,6.4,2,2.4,0
482,Daniel Hamilton,"Nov 15, '17, OKC vs. CHI",22,1,6,0.455,0.4,,4.7,2,0.8,1.3,0
483,Shaquille Harrison,"Feb 23, '18, PHO vs. LAC",24,1,23,0.476,0.231,0.737,16.7,6.6,2.7,2.4,0
484,Josh Hart,"Oct 20, '17, LAL @ PHO",22,1,63,0.469,0.396,0.702,23.2,7.9,4.2,1.3,0
485,Nigel Hayes,"Jan 21, '18, LAL vs. NYK",23,1,9,0.333,0.25,0.333,13.6,3,2.4,0.7,0
486,Reggie Hearn,"Feb 5, '18, DET vs. POR",26,1,3,0.5,0.5,,2.3,1,0,0,0
487,Myke Henry,"Jan 20, '18, MEM @ NOP",25,1,20,0.376,0.328,0.6,18.9,5.4,1.9,1.1,0
488,Isaiah Hicks,"Feb 8, '18, NYK @ TOR",23,1,18,0.458,0.222,0.667,13.3,4.4,2.3,0.9,0
489,John Holland,"Apr 19, '16, BOS @ ATL",29,1,24,0.288,0.306,0.692,7.3,2.3,1,0.2,0
490,Vince Hunter,"Dec 1, '17, MEM vs. SAS",23,1,4,0.6,,,1.8,1.5,0.8,0,0
491,Andre Ingram,"Apr 10, '18, LAL vs. HOU",32,1,2,0.471,0.556,1,32,12,3,3.5,0
492,Jonathan Isaac,"Oct 18, '17, ORL vs. MIA",20,1,27,0.379,0.348,0.76,19.9,5.4,3.7,0.7,0
493,Wes Iwundu,"Oct 21, '17, ORL @ CLE",23,1,62,0.427,0.196,0.723,16.5,3.7,2.2,0.9,0
494,Aaron Jackson,"Apr 11, '18, HOU @ SAC",31,1,1,0.333,0.25,0.5,35,8,3,1,0
495,Josh Jackson,"Oct 18, '17, PHO vs. POR",20,1,77,0.417,0.263,0.634,25.4,13.1,4.6,1.5,0
496,Justin Jackson,"Oct 18, '17, SAC vs. HOU",22,1,68,0.442,0.308,0.722,22.1,6.7,2.8,1.1,0
497,Mike James,"Oct 18, '17, PHO vs. POR",27,1,36,0.383,0.265,0.762,19.1,9.3,2.5,3.5,0
498,Dakari Johnson,"Oct 19, '17, OKC vs. NYK",22,1,31,0.564,,0.55,5.2,1.8,1.1,0.3,0
499,Omari Johnson,"Apr 6, '18, MEM vs. SAC",28,1,4,0.429,0.333,,18.8,5.5,2.8,1.8,0
500,Jalen Jones,"Oct 28, '17, NOP vs. CLE",24,1,16,0.382,0.385,0.632,11.3,4.6,2.4,0.3,0
501,Luke Kennard,"Oct 20, '17, DET @ WAS",21,1,73,0.443,0.415,0.855,20,7.6,2.4,1.7,0
502,Maxi Kleber,"Oct 21, '17, DAL @ HOU",26,1,72,0.489,0.313,0.746,16.8,5.4,3.3,0.7,0
503,Furkan Korkmaz,"Nov 11, '17, PHI @ GSW",20,1,14,0.286,0.294,0.5,5.7,1.6,0.8,0.3,0
504,Luke Kornet,"Feb 8, '18, NYK @ TOR",22,1,20,0.392,0.354,0.727,16.3,6.7,3.2,1.3,0
505,Kyle Kuzma,"Oct 19, '17, LAL vs. LAC",22,1,77,0.45,0.366,0.707,31.2,16.1,6.3,1.8,3
506,T.J. Leaf,"Oct 18, '17, IND vs. BRK",20,1,53,0.471,0.429,0.625,8.7,2.9,1.5,0.2,0
507,Damion Lee,"Mar 13, '18, ATL vs. OKC",25,1,15,0.408,0.25,0.759,26.9,10.7,4.7,1.9,0
508,Walt Lemon Jr.,"Feb 23, '18, NOP vs. MIA",25,1,5,0.438,1,0.667,7,3.4,0.4,1,0
509,Tyler Lydon,"Nov 20, '17, DEN @ SAC",21,1,1,,,,2,0,0,0,0
510,Josh Magette,"Oct 18, '17, ATL @ DAL",28,1,18,0.326,0.364,1,12,2.6,1.1,3.2,0
511,Lauri Markkanen,"Oct 19, '17, CHI @ TOR",20,1,68,0.434,0.362,0.843,29.7,15.2,7.5,1.2,0
512,Frank Mason III,"Oct 21, '17, SAC @ DEN",23,1,52,0.379,0.36,0.817,18.9,7.9,2.5,2.8,0
513,Mangok Mathiang,"Oct 25, '17, CHO vs. DEN",25,1,4,0.571,,0,5,2,2.5,0,0
514,Erik McCree,"Feb 5, '18, UTA @ NOP",24,1,4,0,0,,2,0,0.3,0,0
515,Trey McKinney-Jones,"Feb 23, '18, IND vs. ATL",27,1,1,,,,1,0,0,0,0
516,Alfonzo McKinnie,"Oct 19, '17, TOR vs. CHI",25,1,14,0.533,0.333,0.667,3.8,1.5,0.5,0.1,0
517,Malcolm Miller,"Dec 20, '17, TOR @ CHO",24,1,15,0.464,0.381,1,8.4,2.5,1,0.2,0
518,Donovan Mitchell,"Oct 18, '17, UTA vs. DEN",21,1,79,0.437,0.34,0.805,33.4,20.5,3.7,3.7,323
519,Naz Mitrou-Long,"Dec 26, '17, UTA @ DEN",24,1,1,1,1,,1,3,0,0,0
520,Malik Monk,"Oct 18, '17, CHO @ DET",19,1,63,0.36,0.342,0.842,13.6,6.7,1,1.4,0
521,Ben Moore,"Jan 24, '18, IND vs. PHO",22,1,2,,,,4.5,0,0.5,0.5,0
522,Jaylen Morris,"Feb 28, '18, ATL vs. IND",22,1,6,0.406,0.2,,16.3,4.7,2.7,1.2,0
523,Monte Morris,"Dec 12, '17, DEN @ DET",22,1,3,0.667,0,1,8.3,3.3,0.7,2.3,0
524,Johnathan Motley,"Dec 14, '17, DAL @ GSW",22,1,11,0.533,0.167,0.536,16,8.7,4.5,0.6,0
525,Abdel Nader,"Oct 18, '17, BOS vs. MIL",24,1,48,0.336,0.354,0.59,10.9,3,1.5,0.5,0
526,Frank Ntilikina,"Oct 19, '17, NYK @ OKC",19,1,78,0.364,0.318,0.721,21.9,5.9,2.3,3.2,0
527,Royce O'Neale,"Oct 21, '17, UTA vs. OKC",24,1,69,0.423,0.356,0.803,16.7,5,3.4,1.4,0
528,Semi Ojeleye,"Oct 17, '17, BOS @ CLE",23,1,73,0.346,0.32,0.61,15.8,2.7,2.2,0.3,0
529,Cedi Osman,"Oct 20, '17, CLE @ MIL",22,1,61,0.484,0.368,0.565,11,3.9,2,0.7,0
530,Marcus Paige,"Oct 25, '17, CHO vs. DEN",24,1,5,0.286,0.25,1,5.6,2.4,0.8,0.6,0
531,Justin Patton,"Apr 1, '18, MIN vs. UTA",20,1,1,0.5,,,4,2,0,0,0
532,Brandon Paul,"Oct 18, '17, SAS vs. MIN",26,1,64,0.433,0.278,0.512,9,2.3,1.1,0.6,0
533,London Perrantes,"Dec 12, '17, CLE vs. ATL",23,1,14,0.154,0,0.6,4.7,0.5,0.3,0.4,0
534,Alec Peters,"Oct 18, '17, PHO vs. POR",22,1,20,0.378,0.31,0.8,11.3,4.1,1.9,0.6,0
535,Jacob Pullen,"Nov 20, '17, PHI vs. UTA",28,1,3,0.5,0,,2,0.7,0,0,0
536,Rodney Purvis,"Mar 9, '18, ORL @ SAC",23,1,16,0.327,0.25,0.867,18.1,6,1.7,1.1,0
537,Zhou Qi,"Oct 21, '17, HOU vs. DAL",22,1,18,0.188,0.105,0.667,6.9,1.2,1.2,0.1,0
538,Ivan Rabb,"Oct 28, '17, MEM vs. HOU",20,1,36,0.566,,0.806,14.3,5.6,4.4,0.9,0
539,Xavier Rathan-Mayes,"Mar 5, '18, MEM @ SAS",23,1,5,0.286,0.071,0.444,23.6,5.8,1,3.6,0
540,Davon Reed,"Jan 14, '18, PHO vs. IND",22,1,21,0.289,0.289,0.667,11.5,3,1.9,0.6,0
541,Devin Robinson,"Apr 11, '18, WAS @ ORL",22,1,1,0.333,,,13,2,5,0,0
542,Ben Simmons,"Oct 18, '17, PHI @ WAS",21,1,81,0.545,0,0.56,33.7,15.8,8.1,8.2,481
543,Kobi Simmons,"Nov 29, '17, MEM @ SAS",20,1,32,0.423,0.282,1,20.1,6.1,1.6,2.1,0
544,Dennis Smith Jr.,"Oct 18, '17, DAL vs. ATL",20,1,69,0.395,0.313,0.694,29.7,15.2,3.8,5.2,1
545,Edmond Sumner,"Apr 10, '18, IND vs. CHO",22,1,1,1,,,2,2,1,0,0
546,Caleb Swanigan,"Oct 18, '17, POR @ PHO",20,1,27,0.4,0.125,0.667,7,2.3,2,0.5,0
547,Jayson Tatum,"Oct 17, '17, BOS @ CLE",19,1,80,0.475,0.434,0.826,30.5,13.9,5,1.6,101
548,Miloš Teodosić,"Oct 19, '17, LAC @ LAL",30,1,45,0.419,0.379,0.848,25.2,9.5,2.8,4.6,0
549,Daniel Theis,"Oct 18, '17, BOS vs. MIL",25,1,63,0.541,0.31,0.753,14.9,5.3,4.3,0.9,0
550,Sindarius Thornwell,"Oct 19, '17, LAC @ LAL",23,1,73,0.429,0.377,0.67,15.8,3.9,1.9,0.9,0
551,Tyrone Wallace,"Jan 6, '18, LAC vs. GSW",23,1,30,0.445,0.25,0.782,28.4,9.7,3.5,2.4,0
552,Derrick Walton,"Nov 6, '17, MIA @ GSW",22,1,16,0.32,0.412,1,9.2,1.8,1,1,0
553,Jameel Warney,"Mar 11, '18, DAL vs. HOU",24,1,3,0.583,,0.6,9,5.7,3,0,0
554,James Webb III,"Jan 27, '18, BRK @ MIN",24,1,10,0.25,0.211,,12,1.6,2.4,0.4,0
555,Andrew White,"Feb 14, '18, ATL @ DET",24,1,15,0.342,0.367,0.25,13.9,4.6,2.3,0.4,0
556,Derrick White,"Oct 18, '17, SAS vs. MIN",23,1,17,0.485,0.615,0.7,8.2,3.2,1.5,0.5,0
557,Jacob Wiley,"Oct 29, '17, BRK vs. DEN",23,1,5,0.25,0.5,0.5,6.6,0.8,2.2,0.4,0
558,C.J. Williams,"Nov 10, '17, LAC @ OKC",27,1,38,0.442,0.282,0.813,18.6,5.5,1.5,1.1,0
559,Matt Williams,"Dec 23, '17, MIA vs. NOP",24,1,3,0.333,0.2,,3.7,1.7,0.3,0,0
560,D.J. Wilson,"Oct 20, '17, MIL vs. CLE",21,1,22,0.563,0.4,0.5,3.2,1,0.5,0.1,0
561,Jamil Wilson,"Nov 20, '17, LAC @ NYK",27,1,15,0.469,0.429,0.5,18.3,7,2.1,0.7,0
562,Guerschon Yabusele,"Oct 20, '17, BOS @ PHI",22,1,33,0.426,0.324,0.682,7.1,2.4,1.6,0.5,0
563,Ante Žižić,"Oct 21, '17, CLE vs. ORL",21,1,32,0.731,,0.724,6.7,3.7,1.9,0.2,0
564,Álex Abrines,"Oct 26, '16, OKC @ PHI",23,1,68,0.393,0.381,0.898,15.5,6,1.3,0.6,0
565,Ron Baker,"Oct 25, '16, NYK @ CLE",23,1,52,0.378,0.267,0.651,16.5,4.1,1.9,2.1,0
566,Wade Baldwin,"Oct 26, '16, MEM vs. MIN",20,1,33,0.313,0.136,0.838,12.3,3.2,1.4,1.8,0
567,Malik Beasley,"Nov 5, '16, DEN @ DET",20,1,22,0.452,0.321,0.8,7.5,3.8,0.8,0.5,0
568,DeAndre' Bembry,"Oct 27, '16, ATL vs. WAS",22,1,38,0.48,0.056,0.375,9.8,2.7,1.6,0.7,0
569,Dragan Bender,"Oct 26, '16, PHO vs. SAC",19,1,43,0.354,0.277,0.364,13.3,3.4,2.4,0.5,0
570,Ben Bentil,"Mar 1, '17, DAL @ ATL",21,1,3,0,0,,3.3,0,0.7,0,0
571,Dāvis Bertāns,"Oct 25, '16, SAS @ GSW",24,1,67,0.44,0.399,0.824,12.1,4.5,1.5,0.7,0
572,Joel Bolomboy,"Oct 30, '16, UTA @ LAC",23,1,12,0.563,0.25,0.5,4.4,1.8,1.4,0.2,0
573,Malcolm Brogdon,"Oct 26, '16, MIL vs. CHO",24,1,75,0.457,0.404,0.865,26.4,10.2,2.8,4.2,414
574,Jaylen Brown,"Oct 26, '16, BOS vs. BRK",20,1,78,0.454,0.341,0.685,17.2,6.6,2.8,0.8,1
575,Nicolás Brussino,"Oct 26, '16, DAL @ IND",23,1,54,0.369,0.305,0.773,9.6,2.8,1.8,0.9,0
576,Marquese Chriss,"Oct 26, '16, PHO vs. SAC",19,1,82,0.449,0.321,0.624,21.3,9.2,4.2,0.7,3
577,Semaj Christon,"Oct 26, '16, OKC @ PHI",24,1,64,0.345,0.19,0.548,15.2,2.9,1.4,2,0
578,Quinn Cook,"Feb 27, '17, DAL vs. MIA",23,1,14,0.5,0.423,0.4,13.4,5.6,0.5,1.9,0
579,Deyonta Davis,"Oct 26, '16, MEM vs. MIN",20,1,36,0.511,,0.556,6.6,1.6,1.7,0.1,0
580,Malcolm Delaney,"Oct 27, '16, ATL vs. WAS",27,1,73,0.374,0.236,0.806,17.1,5.4,1.7,2.6,0
581,Cheick Diallo,"Oct 29, '16, NOP @ SAS",20,1,17,0.474,,0.714,11.7,5.1,4.3,0.2,0
582,Kris Dunn,"Oct 26, '16, MIN @ MEM",22,1,78,0.377,0.288,0.61,17.1,3.8,2.1,2.4,0
583,Henry Ellenson,"Oct 26, '16, DET @ TOR",20,1,19,0.359,0.286,0.5,7.7,3.2,2.2,0.4,0
584,Joel Embiid,"Oct 26, '16, PHI vs. OKC",22,1,31,0.466,0.367,0.783,25.4,20.2,7.8,2.1,177
585,Kay Felder,"Oct 29, '16, CLE vs. ORL",21,1,42,0.392,0.318,0.714,9.2,4,1,1.4,0
586,Yogi Ferrell,"Nov 9, '16, BRK @ NYK",23,1,46,0.406,0.386,0.831,26,10,2.4,3.7,1
587,Dorian Finney-Smith,"Oct 26, '16, DAL @ IND",23,1,81,0.372,0.293,0.754,20.3,4.3,2.7,0.8,0
588,Bryn Forbes,"Oct 25, '16, SAS @ GSW",23,1,36,0.364,0.321,0.833,7.9,2.6,0.6,0.6,0
589,Patricio Garino,"Apr 4, '17, ORL @ CLE",23,1,5,0,0,,8.6,0,1.4,0,0
590,Michael Gbinije,"Oct 26, '16, DET @ TOR",24,1,9,0.1,0,1,3.6,0.4,0.3,0.2,0
591,Marcus Georges-Hunt,"Apr 4, '17, ORL @ CLE",22,1,5,0.286,0.5,0.9,9.6,2.8,1.8,0.6,0
592,Jonathan Gibson,"Nov 18, '16, DAL vs. MEM",29,1,17,0.368,0.333,0.724,13.6,6.2,1.3,1.5,0
593,Treveon Graham,"Nov 2, '16, CHO vs. PHI",23,1,27,0.475,0.6,0.667,7,2.1,0.8,0.2,0
594,A.J. Hammons,"Oct 28, '16, DAL vs. HOU",24,1,22,0.405,0.5,0.45,7.4,2.2,1.6,0.2,0
595,Andrew Harrison,"Oct 26, '16, MEM vs. MIN",22,1,72,0.325,0.276,0.763,20.5,5.9,1.9,2.8,0
596,Juancho Hernangómez,"Oct 26, '16, DEN @ NOP",21,1,62,0.451,0.407,0.75,13.6,4.9,3,0.5,0
597,Willy Hernangómez,"Oct 25, '16, NYK @ CLE",22,1,72,0.529,0.267,0.728,18.4,8.2,7,1.3,8
598,Buddy Hield,"Oct 26, '16, NOP vs. DEN",24,1,82,0.426,0.391,0.842,23,10.6,3.3,1.5,21
599,Danuel House Jr.,"Nov 11, '16, WAS vs. CLE",23,1,1,,,,1,0,1,0,0
600,Brandon Ingram,"Oct 26, '16, LAL vs. HOU",19,1,79,0.402,0.294,0.621,28.8,9.4,4,2.1,0
601,Demetrius Jackson,"Nov 6, '16, BOS vs. DEN",22,1,5,0.75,1,0.5,3.4,2,0.8,0.6,0
602,Pierre Jackson,"Dec 27, '16, DAL vs. HOU",25,1,8,0.333,0.273,0.857,10.5,4.4,1.1,2.4,0
603,Brice Johnson,"Feb 23, '17, LAC @ GSW",22,1,3,0.286,,,3,1.3,1,0.3,0
604,Damian Jones,"Dec 10, '16, GSW @ MEM",21,1,10,0.5,,0.3,8.5,1.9,2.3,0,0
605,Derrick Jones Jr.,"Nov 19, '16, PHO @ PHI",19,1,32,0.562,0.273,0.707,17,5.3,2.5,0.4,0
606,Mindaugas Kuzminskas,"Oct 25, '16, NYK @ CLE",27,1,68,0.428,0.321,0.809,14.9,6.3,1.9,1,0
607,Skal Labissière,"Nov 5, '16, SAC @ MIL",20,1,33,0.537,0.375,0.703,18.5,8.8,4.9,0.8,0
608,Nicolás Laprovíttola,"Oct 25, '16, SAS @ GSW",27,1,18,0.426,0.37,1,9.7,3.3,0.6,1.6,0
609,Jake Layman,"Nov 1, '16, POR vs. GSW",22,1,35,0.292,0.255,0.765,7.1,2.2,0.7,0.3,0
610,Caris LeVert,"Dec 7, '16, BRK vs. DEN",22,1,57,0.45,0.321,0.72,21.7,8.2,3.3,1.9,0
611,Shawn Long,"Mar 6, '17, PHI vs. MIL",24,1,18,0.56,0.368,0.543,13,8.2,4.7,0.7,0
612,Timothé Luwawu-Cabarrot,"Oct 29, '16, PHI vs. ATL",21,1,69,0.402,0.311,0.854,17.2,6.4,2.2,1.1,0
613,Sheldon Mac,"Oct 27, '16, WAS @ ATL",24,1,30,0.4,0.233,0.852,9.6,3,1.1,0.5,0
614,Thon Maker,"Oct 30, '16, MIL @ DET",19,1,57,0.459,0.378,0.653,9.9,4,2,0.4,0
615,Patrick McCaw,"Oct 25, '16, GSW vs. SAS",21,1,71,0.433,0.333,0.784,15.1,4,1.4,1.1,0
616,Rodney McGruder,"Oct 26, '16, MIA @ ORL",25,1,78,0.413,0.332,0.62,25.2,6.4,3.3,1.6,1
617,Dejounte Murray,"Oct 29, '16, SAS vs. NOP",20,1,38,0.431,0.391,0.7,8.5,3.4,1.1,1.3,0
618,Jamal Murray,"Oct 26, '16, DEN @ NOP",19,1,82,0.404,0.334,0.883,21.5,9.9,2.6,2.1,8
619,Maurice Ndour,"Nov 1, '16, NYK @ DET",24,1,32,0.453,0.143,0.731,10.3,3.1,2,0.3,0
620,Georges Niang,"Oct 28, '16, IND @ BRK",23,1,23,0.25,0.083,1,4,0.9,0.7,0.2,0
621,David Nwaba,"Feb 28, '17, LAL vs. CHO",24,1,20,0.58,0.2,0.641,19.9,6,3.2,0.7,0
622,Daniel Ochefu,"Oct 27, '16, WAS @ ATL",23,1,19,0.444,,0,3.9,1.3,1.2,0.2,0
623,Chinanu Onuaku,"Dec 26, '16, HOU vs. PHO",20,1,5,0.714,,1,10.4,2.8,2,0.6,0
624,Georgios Papagiannis,"Nov 5, '16, SAC @ MIL",19,1,22,0.549,0,0.857,16.1,5.6,3.9,0.9,0
625,Gary Payton II,"Apr 2, '17, MIL vs. DAL",24,1,6,0.364,0.111,0.6,16.5,3.3,2,2.2,0
626,Marshall Plumlee,"Nov 20, '16, NYK vs. ATL",24,1,21,0.533,,0.421,8.1,1.9,2.4,0.5,0
627,Jakob Poeltl,"Oct 26, '16, TOR vs. DET",21,1,54,0.583,,0.544,11.6,3.1,3.1,0.2,0
628,Alex Poythress,"Apr 2, '17, PHI @ TOR",23,1,6,0.463,0.316,0.8,26.2,10.7,4.8,0.8,0
629,Taurean Prince,"Oct 27, '16, ATL vs. WAS",22,1,59,0.4,0.324,0.787,16.6,5.7,2.7,0.9,0
630,Tim Quarterman,"Nov 9, '16, POR @ LAC",22,1,16,0.448,0.385,0,5,1.9,0.9,0.7,0
631,Chasson Randle,"Jan 14, '17, PHI @ WAS",23,1,26,0.408,0.34,0.953,11.5,5.3,1.2,1.3,0
632,Malachi Richardson,"Oct 26, '16, SAC @ PHO",21,1,22,0.412,0.286,0.789,9,3.6,1,0.5,0
633,Domantas Sabonis,"Oct 26, '16, OKC @ PHI",20,1,81,0.399,0.321,0.657,20.1,5.9,3.6,1,0
634,Dario Šarić,"Oct 26, '16, PHI vs. OKC",22,1,81,0.411,0.311,0.782,26.3,12.8,6.3,2.2,266
635,Tomáš Satoranský,"Oct 27, '16, WAS @ ATL",25,1,57,0.415,0.243,0.697,12.6,2.7,1.5,1.6,0
636,Wayne Selden,"Mar 14, '17, NOP vs. POR",22,1,14,0.431,0.25,0.636,16.9,5.1,1.1,0.9,0
637,Pascal Siakam,"Oct 26, '16, TOR vs. DET",22,1,55,0.502,0.143,0.688,15.6,4.2,3.4,0.3,0
638,Diamond Stone,"Oct 30, '16, LAC vs. UTA",19,1,7,0.231,,1,3.4,1.4,0.9,0,0
639,Isaiah Taylor,"Apr 2, '17, HOU @ PHO",22,1,4,0.143,0,0.5,13,0.8,0.8,0.8,0
640,Mike Tobey,"Feb 15, '17, CHO @ TOR",22,1,2,0.25,,,12.5,1,1.5,0.5,0
641,Tyler Ulis,"Oct 26, '16, PHO vs. SAC",21,1,61,0.421,0.266,0.775,18.4,7.3,1.6,3.7,0
642,Jarrod Uthoff,"Mar 10, '17, DAL vs. BRK",23,1,9,0.421,0.333,0.714,12.8,4.4,2.4,1,0
643,Denzel Valentine,"Oct 29, '16, CHI vs. IND",23,1,57,0.354,0.351,0.778,17.1,5.1,2.6,1.1,0
644,Fred VanVleet,"Nov 9, '16, TOR @ OKC",22,1,37,0.351,0.379,0.818,7.9,2.9,1.1,0.9,0
645,Okaro White,"Jan 19, '17, MIA vs. DAL",24,1,35,0.379,0.353,0.909,13.5,2.8,2.3,0.6,0
646,Isaiah Whitehead,"Oct 26, '16, BRK @ BOS",21,1,73,0.402,0.295,0.805,22.5,7.4,2.5,2.6,0
647,Troy Williams,"Oct 29, '16, MEM @ NYK",22,1,30,0.437,0.29,0.656,18.6,6.2,2.3,0.8,0
648,Kyle Wiltjer,"Oct 28, '16, HOU @ DAL",24,1,14,0.286,0.308,0.5,3.1,0.9,0.7,0.1,0
649,Stephen Zimmerman,"Oct 28, '16, ORL @ DET",20,1,19,0.323,,0.6,5.7,1.2,1.8,0.2,0
650,Paul Zipser,"Oct 29, '16, CHI vs. IND",22,1,44,0.398,0.333,0.775,19.2,5.5,2.8,0.8,0
651,Ivica Zubac,"Nov 2, '16, LAL @ ATL",19,1,38,0.529,0,0.653,16,7.5,4.2,0.8,0
,,,,,,,,,,,,,
